comment_id,comment_eid,comment_mid,comment_date,comment_text,comment_append_edit,comment_edit_time,comment_edit_name,comment_ip_address,comment_author
1,150,7636,2016-03-30T12:25:46Z,"<p>
	Arriba Espana!
</p>",FALSE,0,,69.121.225.238,Bogatyr
2,150,7508,2016-04-01T19:17:45Z,"<p>
	It's just a prank bro
</p>",FALSE,0,,85.164.207.226,?✔️??????
3,150,0,2016-04-01T21:15:34Z,"<p>
	Having an armistice come out on April Fool's must be rough on the soldiers.
</p>",FALSE,0,beeblebrox,72.229.6.209,beeblebrox
4,154,7636,2016-04-17T13:36:49Z,"<p>
	Rest In Peace.
</p>",FALSE,0,,69.121.225.238,Bogatyr
5,147,9876,2016-04-20T05:24:10Z,"
<p>
	In memory of the greatest man who ever lived,
</p>

<p>
	Hail!
</p>

<p>
	<img src=""http://fdr4freedoms.org/wp-content/themes/fdf4fdr/images/universe/universe4/5-Reichstag_April_1938_web.jpg"" alt=""5-Reichstag_April_1938_web.jpg"" /></p>

<p>
	 
</p>
",FALSE,0,,174.64.6.46,Pelayo
6,147,9621,2016-04-20T06:37:56Z,"
<p>
	<img class=""ipsImage"" src=""http://jettandjahn.com/wp-content/uploads/2013/03/hitlerknight.jpg"" alt=""hitlerknight.jpg"" /></p>

<p>
	Proud to have family who served this heroic man, hail!
</p>
",FALSE,0,,68.109.194.141,Pho
7,147,4873,2016-04-20T07:02:33Z,"
<p>
	Happy 127th fam.
</p>

<p>
	88
</p>
",FALSE,0,,174.4.165.99,Rintrah
8,147,9679,2016-04-20T07:09:12Z,"<p>
	what a guy
</p>",FALSE,0,,66.169.97.70,Vinokura
9,147,9510,2016-04-20T14:22:09Z,"
<blockquote class=""ipsQuote"" data-ipsquote="""" data-ipsquote-contentapp=""calendar"" data-ipsquote-contentclass=""calendar_Event"" data-ipsquote-contentcommentid=""7"" data-ipsquote-contentid=""147"" data-ipsquote-contenttype=""calendar"" data-ipsquote-timestamp=""1461135753"" data-ipsquote-userid=""4873"" data-ipsquote-username=""Rintrah"">
	<div class=""ipsQuote_citation"">
		7 hours ago, Rintrah said:
	</div>

	<div class=""ipsQuote_contents"">
		<p>
			Happy 127th fam.
		</p>

		<p>
			 
		</p>
	</div>
</blockquote>

<p>
	Woah, if you add 1+2+7 you get 10, if you add 1+0 you get 1, therefore, Hitler is the 1. 
</p>
",FALSE,0,,86.15.81.183,TheDrifter
10,147,9519,2016-04-20T17:10:30Z,"<p>
	RIP
</p>",FALSE,0,,5.245.137.34,TheAdnanite
11,164,9876,2016-04-24T16:32:53Z,"
<p>
	Josè Antonio,
</p>

<p>
	Presente!
</p>

<p>
	 
</p>

<p>
	 
</p>

<p>
	 
</p>

<p>
	(Btw ""Rivera"" is spelled wrong)
</p>
",FALSE,0,,174.64.6.46,Pelayo
12,149,9943,2016-04-28T15:41:19Z,"<p>
	Rest in Peace
</p>",FALSE,0,,166.170.15.118,Starman
13,38,9679,2016-05-24T06:52:27Z,"<p>
	Hail the Bulgar Booger Burner, honor and praise god bless.
</p>",FALSE,0,,66.169.97.70,Vinokura
14,171,7600,2016-06-11T00:18:44Z,"<p>
	True hero
</p>",FALSE,0,,70.193.129.10,Odin
15,172,7424,2016-06-17T02:07:21Z,"
<p>
	<img alt=""cIMJDIql.jpg"" class=""ipsImage"" src=""http://i.imgur.com/cIMJDIql.jpg"" /></p>

<p>
	The Serb is a determined creature. 
</p>
",FALSE,0,,50.181.228.202,Bear
16,121,7424,2016-06-27T04:43:32Z,"<p>
	""Wherever the Serb shits is our Kingdom""
</p>",FALSE,0,,199.212.86.76,Bear
17,175,12519,2016-06-27T22:46:40Z,"
<div class=""ipsEmbeddedVideo"">
	<div>
		<iframe allowfullscreen=""true"" frameborder=""0"" height=""344"" src=""https://www.youtube.com/embed/46gjtSslUBg?feature=oembed"" width=""459""></iframe>
	</div>
</div>

<p>
	 
</p>
",FALSE,0,,79.143.165.200,Romulan
18,186,1558,2016-07-02T13:06:27Z,"<p>
	We were so close.
</p>",FALSE,0,,83.233.71.27,Noidberg
19,197,10706,2016-07-18T18:18:20Z,"<p>
	The event is named as ""Main Kampf"", please fix.
</p>",FALSE,0,,138.36.34.154,Overman
20,46,13257,2016-07-29T21:59:43Z,"
<p>
	<span lang=""it"" xml:lang=""it""><span>Buon compleanno</span></span>, nostro Duce.
</p>

<p>
	<img alt=""benito-mussolini.jpg"" class=""ipsImage"" height=""525"" src=""http://assets.nydailynews.com/polopoly_fs/1.1093490.1339447877!/img/httpImage/image.jpg_gen/derivatives/landscape_1200/benito-mussolini.jpg"" width=""1000"" /></p>
",FALSE,0,,179.39.135.228,Vasser
21,59,13274,2016-08-25T16:16:06Z,"<p>
	RIP such a great man
</p>",FALSE,0,,73.229.170.128,Spodershibe
22,59,13353,2016-08-26T03:56:42Z,"<p>
	George Lincoln Rockwell played a significant role in my awakening. To me he will always be the supreme arbiter of American National Socialism. <img alt=""320ec2c391.jpg"" class=""ipsImage"" src=""http://puu.sh/qOGvF/320ec2c391.jpg"" /></p>",FALSE,0,,74.193.2.247,Allwillbelost
23,72,9792,2016-10-16T18:17:33Z,"<p>
	I'll certainly be lifting a glass to the general, ironic really when you remember he drank himself to death.
</p>",FALSE,1476641877,Schwarzesonne,81.136.100.0,Schwarzesonne
24,93,13682,2016-12-02T00:24:05Z,"<p>
	May god rest his soul 
</p>",FALSE,0,,50.179.102.207,Ober
25,131,13946,2017-02-06T22:47:18Z,"<p>
	Free Saint Anders!
</p>",FALSE,0,,2001:4640:7c7b:0:8f9:cc46:ce70:1d41,Wolfsschanze
26,131,13945,2017-02-13T15:21:12Z,"
<p>
	Happy Birthday Anders Breivik!
</p>

<p>
	Free Saint Anders!
</p>
",FALSE,0,,2a02:c7d:bb0c:7f00:c96b:2566:a573:7b00,Conroy
27,131,13692,2017-02-14T02:22:22Z,"<p>
	Happy birthday Saint Anders, may the 77 marxists burn in hell.
</p>",FALSE,0,,67.8.39.179,Gabriel
28,141,14003,2017-03-11T04:29:16Z,"
<div class=""ipsEmbeddedVideo"">
	<div>
		<iframe allowfullscreen=""true"" frameborder=""0"" height=""270"" src=""https://www.youtube.com/embed/videoseries?list=PLF0mO6hTuLzkDQVq9cQqWaLCey9yiB_0H"" width=""480""></iframe>
	</div>
</div>

<p>
	 
</p>
",FALSE,0,,50.176.145.214,Clemson
29,140,9679,2017-03-23T15:36:33Z,"<p>
	<img alt=""2438388.jpg"" class=""ipsImage"" height=""750"" src=""http://hss-prod.hss.aol.com/hss/storage/midas/f91bdb53a50fd4fe1d97fe0cc32e3681/201438666/2438388.jpg"" width=""635"" /></p>",FALSE,0,,99.6.21.105,Vinokura
30,150,13532,2017-03-28T21:45:59Z,"<p>
	Reds Removed
</p>",FALSE,0,,162.194.145.231,The Whiteraven
31,150,14072,2017-04-02T01:17:59Z,"<p>
	dead commies lol
</p>",FALSE,0,,2001:558:6045:9f:5f2:a1f4:d524:f3af,Fascist of California
32,147,13698,2017-04-13T16:03:58Z,"<p>
	Real human bean
</p>",FALSE,0,,217.23.11.70,Eternal Gael
33,147,13532,2017-04-13T21:22:59Z,"
<p style=""text-align:center;"">
	HEIL HITLER!
</p>

<p style=""text-align:center;"">
	<img alt=""adolf-hitler-portrait-04.jpg"" class=""ipsImage"" src=""https://nseuropa.files.wordpress.com/2015/04/adolf-hitler-portrait-04.jpg"" /></p>

<p style=""text-align:center;"">
	<img alt=""hitler.jpg"" class=""ipsImage"" src=""https://vickibeyers.files.wordpress.com/2013/02/hitler.jpg"" /></p>

<p style=""text-align:center;"">
	HERO OF GERMANY AND EUROPE FOREVER!
</p>
",FALSE,0,,2602:30a:2c29:1e70:c985:9c65:8017:424d,The Whiteraven
34,147,13771,2017-04-14T00:29:35Z,"
<p>
	<strong>HEIL HITLER!</strong>
</p>

<p>
	I think I'm going to try and do something in his honor for next week.
</p>

<p>
	Esoteric Hitlerism general is going to explode soon.
</p>
",FALSE,0,,184.16.126.33,BloodEagle
35,147,13167,2017-04-15T21:23:30Z,"<p>
	To the greatest man of all time and an inspiration to millions Sieg Heil!
</p>",FALSE,0,,68.34.66.97,Totenkopfverbände
36,147,14265,2017-04-17T18:05:50Z,"<p>
	Men Against Time<img alt=""nazis_01.jpg"" class=""ipsImage"" height=""666"" src=""https://www.onelargeprawn.co.za/wp-content/uploads/2009/nazis_01.jpg"" width=""1000"" /></p>",FALSE,0,,201.37.163.180,Thomas Busse
37,147,14300,2017-04-17T22:34:57Z,"
<p>
	May his spirit live on with us.
</p>

<p>
	<img alt=""adolf-hitler-e28093-speech-at-the-openin"" class=""ipsImage"" src=""https://nseuropa.files.wordpress.com/2017/03/adolf-hitler-e28093-speech-at-the-opening-of-the-international-automobile-exhibition.jpg"" /></p>

<p>
	Heil Hitler!
</p>

<p>
	 
</p>

<p>
	 
</p>
",FALSE,0,,66.82.162.76,Sol
38,147,13880,2017-04-18T03:50:55Z,"<p>
	Bulgarian children carrying a portrait of an Austrian painter. <br /><br /><img alt=""FcVakF2.jpg"" class=""ipsImage"" src=""http://i.imgur.com/FcVakF2.jpg"" /></p>",FALSE,0,,89.253.136.92,Подземникъ
39,147,14273,2017-04-20T14:53:13Z,"
<p>
	<img alt=""lPPBRSX.png"" class=""ipsImage"" src=""http://i.imgur.com/lPPBRSX.png"" /><img alt=""076dyPr.jpg"" class=""ipsImage"" src=""http://i.imgur.com/076dyPr.jpg"" /></p>

<p>
	Truly a Man against time, may he never be forgotten.
</p>
",FALSE,0,,2a02:c7d:9204:a500:64c9:d824:f79c:286c,Severian
40,147,13769,2017-04-20T15:21:39Z,"
<p>
	<img alt=""Image result for adolf hitler color photo"" src=""https://ichef.bbci.co.uk/images/ic/640x360/p031t9k0.jpg"" /></p>

<p>
	Happy Birthday to the Fuhrer!
</p>
",FALSE,0,,86.183.55.8,English_Metalhead
41,147,12524,2017-04-20T15:38:54Z,"
<p>
	Fröhlich Geburtstag Onkel Adolf!
</p>

<p>
	<img src=""http://2.bp.blogspot.com/_srOhGcGHvik/SUkP_TU9jqI/AAAAAAAABsU/QGGNOgZGzW0/s400/hitlercake.jpg"" alt=""hitlercake.jpg"" /></p>
",FALSE,0,,174.30.48.54,Capitoline
42,147,14140,2017-04-21T00:10:54Z,"
<p>
	To the greatest man of our Race to walk upon this Earth, the Man Against Time, the defiant Leader of a Folk in unison. <strong>Hail Hitler!</strong> 
</p>

<p>
	<img alt=""1vue2fi.jpg"" class=""ipsImage"" height=""682"" src=""http://i.imgur.com/1vue2fi.jpg"" width=""1000"" /></p>
",FALSE,0,,135.84.127.179,SuburbanPride_14
43,159,9679,2017-04-23T08:40:37Z,"<p>
	<img alt=""293723_380425125373332_298370821_n.jpg"" class=""ipsImage"" src=""https://3.bp.blogspot.com/-zJqko7b3NJE/ULaioV3KYFI/AAAAAAAADnw/WnQd29LlVxE/s1600/293723_380425125373332_298370821_n.jpg"" /></p>",FALSE,0,,66.169.97.70,Vinokura
44,160,13342,2017-04-26T14:02:19Z,"<p>
	Martyr of Fascist Friendshipism! <img alt="":windmill:"" data-emoticon="""" src=""<fileStore.core_Emoticons>/emoticons/windmill.png"" title="":windmill:"" /></p>",FALSE,0,,31.46.153.19,Vasiszta
45,149,13692,2017-04-28T20:21:51Z,"<p>
	Viva il Duce!
</p>",FALSE,0,,68.205.82.157,Gabriel
46,149,13771,2017-04-29T01:18:57Z,"
<p>
	<strong>AVE IL DUCE!</strong>
</p>

<p>
	<img alt=""DylHpWP.jpg"" class=""ipsImage"" src=""http://i.imgur.com/DylHpWP.jpg"" /></p>
",FALSE,0,,184.16.173.175,BloodEagle
47,149,13950,2017-04-29T18:01:34Z,"<p>
	Although he had a wicked opinion on Slavs, I respect the man and admire his political theory.
</p>",FALSE,1493489716,South,89.172.248.121,South
48,148,13950,2017-04-29T22:51:25Z,"<p>
	Rest in peace you Pole hating kraut
</p>",FALSE,0,,89.172.248.121,South
49,148,13771,2017-04-30T04:01:26Z,"
<p>
	Rest in Peace, Fuhrer.
</p>

<p>
	<img alt=""MIXfqDy.jpg"" class=""ipsImage"" height=""562"" src=""http://i.imgur.com/MIXfqDy.jpg"" width=""1000"" /></p>
",FALSE,0,,184.16.109.35,BloodEagle
50,148,13461,2017-04-30T16:50:48Z,"
<p style=""text-align:center;"">
	""Hitler is a spiritual vessel, a demi-divinity; even better, a myth.""
</p>

<p style=""text-align:center;"">
	 
</p>

<p style=""text-align:center;"">
	Rest in peace, greatest man who ever walked the earth.
</p>

<p style=""text-align:center;"">
	 
</p>

<p style=""text-align:center;"">
	<img alt=""tumblr_n8k4itkXca1rjssvvo1_1280.png"" class=""ipsImage"" height=""750"" src=""http://68.media.tumblr.com/4d277d121e99894f57faae85262b5b47/tumblr_n8k4itkXca1rjssvvo1_1280.png"" width=""742"" /></p>
",FALSE,0,,68.98.169.180,FascistKurd
51,148,13769,2017-04-30T21:25:49Z,"
<p>
	<strong>""One day my spirit shall rise from the grave and the world will know I was right""</strong>
</p>

<p>
	<strong>RIP Fuhrer </strong><img alt="":windmill:"" data-emoticon="""" src=""<fileStore.core_Emoticons>/emoticons/windmill.png"" title="":windmill:"" /></p>

<p>
	 
</p>
",FALSE,0,,86.183.55.8,English_Metalhead
52,148,13307,2017-04-30T22:39:41Z,"
<p>
	""That last, great individual– an absolute harmonious blending of the sharpest of all opposites; equally sun and lightning– is the one whom the faithful of all religions and the bearers of practically all cultures await; the one of whom Adolf Hitler (knowingly or unknowingly) said in 1928: ""I am not he; but while nobody comes forward to prepare the way for him, I do so.""
</p>

<p>
	 
</p>

<p>
	Praise to Him, the one before the last.
</p>

<p>
	The greatest son of Europe.
</p>

<p>
	Sieg Heil!
</p>
",FALSE,0,,70.79.20.246,Blood and Adventure
53,148,13698,2017-04-30T23:22:53Z,"<p>
	F
</p>",FALSE,0,,173.44.55.203,Eternal Gael
54,1,13661,2017-05-01T09:39:07Z,"<p>
	Sad Story with his family.
</p>",FALSE,0,,68.42.231.149,Black Israelite
55,165,13532,2017-05-10T03:12:21Z,"<p>
	'Tis the day for burning porn and communist books.
</p>",FALSE,0,,2602:30a:2c29:1e70:759d:cd53:addd:fd22,The Whiteraven
56,165,13167,2017-05-10T11:54:36Z,"<p>
	A day for burning the degenerate past of the Weimar republic away, Sieg heil!
</p>",FALSE,0,,2600:1007:b018:80e0:157f:fd70:12d2:8adb,Schwarzmarsch
57,255,13692,2017-05-23T20:57:47Z,"<p>
	Their spirits will rise from the grave and march along with us to victory. SIEG HEIL.
</p>",FALSE,0,,68.205.82.157,Gabriel
58,255,13215,2017-05-24T14:43:55Z,"<p>
	RIP brothers. Your sacrifice is not in vain. 
</p>",FALSE,0,,68.147.86.27,Celtic88Hun
59,255,14300,2017-05-24T14:59:24Z,"<p>
	RIP
</p>",FALSE,1495721309,Sol,66.82.162.73,Sol
60,4,6144,2017-05-29T02:30:32Z,"
<p>
	He was one of the great intellects of all time.  The Decline of the West should be in everyone's library
</p>

<p>
	 
</p>
",FALSE,0,,72.200.209.135,calvinist-fascist
61,19,13167,2017-05-30T01:24:02Z,"<p>
	Fuck this guy
</p>",FALSE,0,,2601:40b:c201:959:2984:2f3f:1b55:abdd,Schwarzmarsch
62,19,14300,2017-05-30T05:11:30Z,"<p>
	What a fag.
</p>",FALSE,0,,66.82.162.74,Sol
63,19,14452,2017-05-30T13:49:50Z,"<p>
	Strasser is a faggot, barely worth remembering 
</p>",FALSE,0,,76.1.111.146,Pádraig
64,36,14407,2017-05-30T14:36:59Z,"<p>
	Killed for hating degeneracy, what a shame. Rest in Peace.
</p>",FALSE,0,,50.205.217.114,Cultor
65,36,14404,2017-05-31T10:15:10Z,"
<p>
	So, was Sima a bad person?
</p>

<p>
	 
</p>

<p>
	It's hard to pick a side on the dispute between the two though Antonescu seems to have been a far better ally to the Axis powers than Sima would have been. Things, perhaps, could have been different though if the internal conflict between the two never existed in the first place.
</p>
",FALSE,0,,198.245.60.8,Virgil
66,19,9668,2017-05-31T19:30:03Z,"<p>
	^ angry spergs
</p>",FALSE,0,,172.103.195.66,Николајевић
67,19,13893,2017-05-31T21:03:38Z,"<p>
	Perfect brother don't exi--
</p>",FALSE,0,,31.22.189.162,LITOS
68,19,13167,2017-06-01T02:39:40Z,"
<blockquote class=""ipsQuote"" data-ipsquote="""" data-ipsquote-contentapp=""calendar"" data-ipsquote-contentclass=""calendar_Event"" data-ipsquote-contentcommentid=""66"" data-ipsquote-contentid=""19"" data-ipsquote-contenttype=""calendar"" data-ipsquote-timestamp=""1496259003"" data-ipsquote-userid=""9668"" data-ipsquote-username=""Николајевић"">
	<div class=""ipsQuote_citation"">
		6 hours ago, Николајевић said:
	</div>

	<div class=""ipsQuote_contents"">
		<p>
			^ angry spergs
		</p>
	</div>
</blockquote>

<p>
	Night of the long knives was the best night of my life
</p>
",FALSE,0,,2601:40b:c201:959:9dba:2a47:f506:e9c6,Schwarzmarsch
69,19,9668,2017-06-01T02:54:15Z,"
<blockquote class=""ipsQuote"" data-ipsquote="""" data-ipsquote-contentapp=""calendar"" data-ipsquote-contentclass=""calendar_Event"" data-ipsquote-contentcommentid=""68"" data-ipsquote-contentid=""19"" data-ipsquote-contenttype=""calendar"" data-ipsquote-timestamp=""1496284780"" data-ipsquote-userid=""13167"" data-ipsquote-username=""Schwarzmarsch"">
	<div class=""ipsQuote_citation"">
		Just now, Schwarzmarsch said:
	</div>

	<div class=""ipsQuote_contents"">
		<p>
			Night of the long knives was the best night of my life
		</p>
	</div>
</blockquote>

<p>
	C O O L 
</p>
",FALSE,0,,172.103.195.66,Николајевић
70,183,14140,2017-06-07T22:29:16Z,"
<p>
	Rest In Peace
</p>

<div class=""ipsEmbeddedVideo"">
	<div>
		<iframe allowfullscreen=""true"" frameborder=""0"" height=""344"" src=""https://www.youtube.com/embed/1wzsqCYyRGI?feature=oembed"" width=""459""></iframe>
	</div>
</div>

<p>
	 
</p>
",FALSE,0,,138.197.175.223,SuburbanPride_14
71,186,13826,2017-07-06T03:51:50Z,"
<p>
	Glorious event. One of my favorite Ukrainian paintings, followed by 'Reply of the Zaporozhian Cossacks to Sultan Mehmed IV of the Ottoman Empire' by Ilya Repin.<br />
	 
</p>

<p>
	""Zaporozhian Cossacks to the Turkish Sultan!
</p>

<p>
	O sultan, Turkish devil and damned devil's kith and kin, secretary to Lucifer himself. What the devil kind of knight are thou, that canst not slay a hedgehog with your naked arse? The devil shits, and your army eats. Thou shalt not, thou son of a whore, make subjects of Christian sons; we have no fear of your army, by land and by sea we will battle with thee, fuck thy mother.
</p>

<p>
	Thou Babylonian scullion, Macedonian wheelwright, brewer of Jerusalem, goat-fucker of Alexandria, swineherd of Greater and Lesser Egypt, pig of Armenia, Podolian thief, catamite of Tartary, hangman of Kamyanets, and fool of all the world and underworld, an idiot before God, grandson of the Serpent, and the crick in our dick. Pig's snout, mare's arse, slaughterhouse cur, unchristened brow, screw thine own mother!
</p>

<p>
	So the Zaporozhians declare, you lowlife. You won't even be herding pigs for the Christians. Now we'll conclude, for we don't know the date and don't own a calendar; the moon's in the sky, the year with the Lord, the day's the same over here as it is over there; for this kiss our arse!""
</p>

<p>
	 
</p>

<p>
	<img alt=""1920px-Ilja_Jefimowitsch_Repin_-_Reply_o"" class=""ipsImage"" height=""591"" src=""https://upload.wikimedia.org/wikipedia/commons/thumb/7/79/Ilja_Jefimowitsch_Repin_-_Reply_of_the_Zaporozhian_Cossacks_-_Yorck.jpg/1920px-Ilja_Jefimowitsch_Repin_-_Reply_of_the_Zaporozhian_Cossacks_-_Yorck.jpg"" width=""1000"" /></p>
",FALSE,0,,177.5.17.154,Austral
72,197,13826,2017-07-18T17:55:12Z,"<p>
	Main Kampf is correct, as there now exists the... alt Kampf
</p>",FALSE,0,,201.11.58.166,Austral
73,204,14309,2017-07-19T12:56:26Z,"
<p>
	<img alt=""017b78e566a78c02e7646e05ac9107f1"" class=""ipsImage"" src=""http://cdn.newsapi.com.au/image/v1/017b78e566a78c02e7646e05ac9107f1"" /></p>

<p>
	#JeSuisBreivik
</p>
",FALSE,0,,92.52.56.149,Ostromir
74,204,13307,2017-07-23T00:20:48Z,"
<p>
	<img alt=""Breivik_twenty.jpg"" class=""ipsImage"" src=""https://images.encyclopediadramatica.rs/e/e2/Breivik_twenty.jpg"" /></p>

<p>
	Happy July 22nd everyone.
</p>

<p>
	Keep a smile on your face today for ""Fags in bodybags"" Breivik!
</p>
",FALSE,0,,24.80.47.200,Blood and Adventure
75,204,14136,2017-07-23T04:15:27Z,"<p>
	Let's get a statue for this man asap. 
</p>",FALSE,0,,2602:306:8010:ea60:2cad:f9cc:9c0e:abe0,NekromanticNord
76,36,13861,2017-07-24T10:59:04Z,"
<blockquote class=""ipsQuote"" data-ipsquote="""" data-ipsquote-contentapp=""calendar"" data-ipsquote-contentclass=""calendar_Event"" data-ipsquote-contentcommentid=""65"" data-ipsquote-contentid=""36"" data-ipsquote-contenttype=""calendar"" data-ipsquote-timestamp=""1496225710"" data-ipsquote-userid=""14404"" data-ipsquote-username=""Virgil"">
	<div class=""ipsQuote_citation"">
		On 5/31/2017 at 0:15 PM, Virgil said:
	</div>

	<div class=""ipsQuote_contents"">
		<p>
			So, was Sima a bad person?
		</p>

		<p>
			 
		</p>

		<p>
			It's hard to pick a side on the dispute between the two though Antonescu seems to have been a far better ally to the Axis powers than Sima would have been. Things, perhaps, could have been different though if the internal conflict between the two never existed in the first place.
		</p>
	</div>
</blockquote>

<p>
	It's a really touchy subject that I wish I knew more about as a Romanian. But there seem to be a very diverse range of opinions from Sima being only ""a puppet of Hitler"" to Antonescu being ""power hungry"" 
</p>

<p>
	 
</p>
",FALSE,0,,213.127.236.9,The Captain
79,249,14382,2017-07-25T23:36:47Z,"<p>
	Happy birthday, Mr. Mason!
</p>",FALSE,0,,88.88.161.18,ᛏᛁᚹᚨᛉ
87,46,14407,2017-07-29T17:34:01Z,"<p>
	Vincere!
</p>",FALSE,0,,71.200.162.107,Cultor
88,46,6113,2017-07-29T18:45:25Z,"
<p>
	<img src=""https://68.media.tumblr.com/07e93449556eddb8a8f0cb2f901a4c27/tumblr_ona1o7SZ301uebhuxo2_400.jpg"" alt=""tumblr_ona1o7SZ301uebhuxo2_400.jpg"" /></p>

<p>
	<img src=""https://68.media.tumblr.com/565ac320a3cac9a89b92c3e0f0335e5c/tumblr_on9c3mSKWO1r2qr2so1_540.jpg"" alt=""tumblr_on9c3mSKWO1r2qr2so1_540.jpg"" /></p>

<p>
	<img src=""https://68.media.tumblr.com/2d3ab97cce87e89cb74554ff056cab6a/tumblr_oj1zrtodHj1uebhuxo1_540.jpg"" alt=""tumblr_oj1zrtodHj1uebhuxo1_540.jpg"" /></p>
",FALSE,0,,2604:6000:6dc7:4c00:f15d:c650:85c3:f10f,Aquila
85,46,14382,2017-07-29T15:56:17Z,"<p>
	Salve!
</p>",FALSE,0,,88.88.161.18,ᛏᛁᚹᚨᛉ
86,46,14572,2017-07-29T15:58:47Z,"<p>
	Ave Victoriam, il Duce!
</p>",FALSE,0,,2604:6000:1503:81a3:b5f7:22c7:a9e4:7c62,Yankee Patriarch
83,264,11691,2017-07-26T20:25:43Z,"<p>
	Good job <span style=""text-decoration:line-through;"">Lazy</span> Slowy
</p>",FALSE,1501100775,Totenkopfaffe Herr Nilsson,176.10.249.64,Totenkopfaffe Herr Nilsson
84,209,14309,2017-07-28T18:27:46Z,"
<p>
	<img alt=""41594c97f2747a048f8ea13a3e0f9f4d.jpg"" class=""ipsImage"" src=""http://www.ruzomberok.sk/_Data/Cache/img_jpg/41594c97f2747a048f8ea13a3e0f9f4d.jpg"" /></p>

<p>
	""I´m ""Slovak Hitler"". I will make order here like Hitler in germany.""
</p>

<p>
	-Andrej Hlinka
</p>

<p>
	So bad he died before creation of free Slovak state. He would be fine Leader-President.
</p>
",FALSE,1501266625,Ostromir,92.52.56.149,Ostromir
89,46,13771,2017-07-30T01:04:26Z,"
<div class=""ipsEmbeddedVideo"">
	<div>
		<iframe allowfullscreen=""true"" frameborder=""0"" height=""270"" src=""https://www.youtube.com/embed/YlgCWc9fynM?feature=oembed"" width=""480""></iframe>
	</div>
</div>

<p>
	 
</p>

<div class=""ipsEmbeddedVideo"">
	<div>
		<iframe allowfullscreen=""true"" frameborder=""0"" height=""270"" src=""https://www.youtube.com/embed/0I71VX5RyGA?feature=oembed"" width=""480""></iframe>
	</div>
</div>

<p>
	 
</p>
",FALSE,0,,184.16.220.136,BloodEagle
90,257,14404,2017-08-08T19:11:10Z,"
<p>
	<em>Swastika, Ontario</em>
</p>

<p>
	 
</p>

<p>
	I know where I'm moving.
</p>
",FALSE,0,,176.10.107.180,Virgil
91,57,14300,2017-08-13T05:39:45Z,"<p>
	RIP. Truly one of the greatest NS Revolutionaries to exist.
</p>",FALSE,0,,66.82.162.74,золь
92,207,14309,2017-08-13T11:16:39Z,"
<p>
	We got a legend about what happened with his body(currently at unknown location since last months of ww2) :
</p>

<div class=""ipsSpoiler"" data-ipsspoiler="""">
	<div class=""ipsSpoiler_header"">
		<span>Spoiler</span>
	</div>

	<div class=""ipsSpoiler_contents"">
		<p>
			In the ending days of war, Alexander Mach with help of some German soldiers relocated his body and then it just dissapeared(propably he did that because he didn't wanted it being mocked or destroyed by soviets). Rumors says that only three people(priests) know where it is and when one of them is going to die 2 remaining tells secret to another one. They always make oath where they promise that they will tell secret to public, only when Slovakia becomes Slovak and catholic again.
		</p>

		<p>
			<img alt=""image.ashx?w=632&amp;h=307&amp;f=Hlinka_63589831"" class=""ipsImage"" height=""307"" src=""http://cms.parlamentnelisty.sk/image.ashx?w=632&amp;h=307&amp;f=Hlinka_635898316147080303.jpg&amp;id=15233"" width=""632"" /></p>

		<p>
			<em>Hlinkas funeral</em>
		</p>

		<p>
			 
		</p>
	</div>
</div>

<p>
	 
</p>
",FALSE,0,,92.52.56.161,Ostromir
93,58,13532,2017-08-13T22:21:28Z,"<p>
	Bless Hess
</p>",FALSE,0,,2602:30a:2c29:1e70:716f:330e:b272:47ee,The Whiteraven
94,58,9694,2017-08-13T22:28:18Z,"
<p>
	Joy Division had a song about him.
</p>

<p>
	<a href=""https://en.wikipedia.org/wiki/Warsaw_%28song%29"" rel=""external nofollow"">https://en.wikipedia.org/wiki/Warsaw_(song)</a>
</p>

<div class=""ipsEmbeddedVideo"">
	<div>
		<iframe allowfullscreen=""true"" frameborder=""0"" height=""270"" src=""https://www.youtube.com/embed/serIf92zTDc?feature=oembed"" width=""480""></iframe>
	</div>
</div>

<p>
	 
</p>
",FALSE,0,,70.78.216.99,angry
95,70,13771,2017-08-19T02:32:29Z,"
<p>
	RIP. Nietzsche's philosophy was pretty influential for me, with the concept of self-overcoming and persistent struggle towards the Ubermensch. The two and the others helped me warm up to Fascism, despite me being a stupid commie at the time.
</p>

<p>
	Even though he contributed to Titanism, I still gotta give props to him.
</p>

<p>
	<img alt=""f03aTLz.jpg"" class=""ipsImage"" height=""401"" src=""http://i.imgur.com/f03aTLz.jpg"" width=""500"" /></p>
",FALSE,0,,184.16.190.117,BloodEagle
96,59,14404,2017-08-24T20:15:33Z,"<p>
	GLR was taken too early. I wish we were able to see what would have become of him and his movement had he not been murdered.
</p>",FALSE,0,,185.170.42.18,Virgil
97,59,9690,2017-08-24T22:55:36Z,"<p>
	Let's make sure he didn't die in vain
</p>",FALSE,0,,184.90.34.30,GrandGiant
98,59,14618,2017-08-25T13:30:56Z,"
<p>
	I will never forget your example and sacrifice. Rest in peace Commander Rockwell.
</p>

<p>
	 
</p>

<p>
	<img alt="":glr:"" data-emoticon="""" src=""<fileStore.core_Emoticons>/emoticons/glr.png"" title="":glr:"" /></p>
",FALSE,0,,199.249.223.75,nosurrender
99,59,13771,2017-08-26T01:35:29Z,"
<p>
	<strong>Heil Rockwell!</strong>
</p>

<div class=""ipsEmbeddedVideo"">
	<div>
		<iframe allowfullscreen=""true"" frameborder=""0"" height=""270"" src=""https://www.youtube.com/embed/DB9oUqIcX-c?feature=oembed"" width=""480""></iframe>
	</div>
</div>

<p>
	 
</p>
",FALSE,0,,184.16.172.25,BloodEagle
100,59,14572,2017-08-26T01:37:30Z,"<p>
	The man who introduced me to what Fascism truly is. SIEG HEIL!
</p>",FALSE,0,,141.114.198.43,Yankee Patriarch
101,59,14382,2017-08-26T06:49:18Z,"
<p>
	Rest In Peace, Commander. 
</p>

<p>
	I hope John Patler gets the fucking knife.
</p>
",FALSE,0,,88.88.161.18,Tea Wizz
102,60,14452,2017-08-27T09:45:51Z,"<p>
	Nothing of value was lost
</p>",FALSE,0,,66.87.120.59,Pádraig
103,60,13307,2017-08-27T09:48:14Z,"<p>
	All Strasserists get the <img alt="":nooseH:"" data-emoticon="""" src=""<fileStore.core_Emoticons>/emoticons/nooseH.png"" title="":nooseH:"" /></p>",FALSE,0,,24.80.47.200,Blood and Adventure
104,60,13771,2017-08-27T13:40:34Z,"<p>
	Good fucking riddance<img alt="":handy:"" data-emoticon="""" src=""<fileStore.core_Emoticons>/emoticons/handy.png"" title="":handy:"" />. <img alt="":AH88:"" data-emoticon="""" src=""<fileStore.core_Emoticons>/emoticons/AH88.png"" title="":AH88:"" /></p>",FALSE,0,,184.16.172.25,BloodEagle
105,60,14382,2017-08-27T17:16:00Z,"<p>
	Too bad he didn't end up on the receiving end of a firing squad like his cunt brother.
</p>",FALSE,0,,88.88.161.18,Tea Wizz
106,60,9668,2017-08-28T00:23:15Z,"<p>
	rest in peace, you were too good for this world my sweet prince
</p>",FALSE,0,,172.103.195.66,Николајевић
107,60,14382,2017-08-28T03:03:52Z,"
<blockquote class=""ipsQuote"" data-ipsquote="""" data-ipsquote-contentapp=""calendar"" data-ipsquote-contentclass=""calendar_Event"" data-ipsquote-contentcommentid=""106"" data-ipsquote-contentid=""60"" data-ipsquote-contenttype=""calendar"" data-ipsquote-timestamp=""1503879795"" data-ipsquote-userid=""9668"" data-ipsquote-username=""Николајевић"">
	<div class=""ipsQuote_citation"">
		2 hours ago, Николајевић said:
	</div>

	<div class=""ipsQuote_contents"">
		<p>
			rest in peace, you were too good for this world my sweet prince
		</p>
	</div>
</blockquote>

<p>
	<img alt=""20e8c23470306fdd394db2525b9b8c08.png"" class=""ipsImage"" height=""309"" src=""https://i.gyazo.com/20e8c23470306fdd394db2525b9b8c08.png"" width=""415"" /></p>
",FALSE,0,,88.88.161.18,Tea Wizz
108,62,13307,2017-09-03T09:57:20Z,"<p>
	<img alt="":nooseH:"" data-emoticon="""" src=""<___base_url___>/uploads/emoticons/nooseH.png"" title="":nooseH:"" /></p>",FALSE,0,,24.80.47.200,Blood and Adventure
109,62,13167,2017-09-03T15:48:11Z,"<p>
	<img alt="":gas:"" data-emoticon="""" src=""<___base_url___>/uploads/emoticons/gas.png"" title="":gas:"" /></p>",FALSE,0,,67.22.1.34,Schwarzmarsch
110,62,9668,2017-09-03T23:26:15Z,"<p>
	buttblasted hitlerists as usual 
</p>",FALSE,0,,172.103.195.66,Николајевић
111,62,14382,2017-09-04T11:38:59Z,"<p>
	Happy birthday, dear Otto! Happy birthday to you!
</p>",FALSE,0,,88.88.161.18,Tiwaz
112,62,14542,2017-09-04T13:12:45Z,"
<p>
	broke: esoteric hitlerist
</p>

<p>
	woke: esoteric strasserist
</p>
",FALSE,0,,98.223.231.228,Hank Hill
113,62,14452,2017-09-05T19:40:59Z,"<p>
	God I wish that were me
</p>",FALSE,0,,70.253.196.126,Pádraig
114,216,13167,2017-09-06T21:41:22Z,"
<p>
	Happy early birthday Dr. Pierce!
</p>

<div class=""ipsEmbeddedVideo"">
	<div>
		<iframe allowfullscreen=""true"" frameborder=""0"" height=""344"" src=""https://www.youtube.com/embed/kFo5VZs0bEg?feature=oembed"" width=""459""></iframe>
	</div>
</div>

<p>
	 
</p>
",FALSE,0,,68.32.43.133,Schwarzmarsch
115,63,13167,2017-09-06T21:43:24Z,"<p>
	What is this doing here?
</p>",FALSE,0,,68.32.43.133,Schwarzmarsch
116,63,14382,2017-09-07T13:49:30Z,"<p>
	What the fuck?
</p>",TRUE,1504792181,Tiwaz,88.88.161.18,Tiwaz
117,63,9668,2017-09-08T00:12:48Z,"<p>
	he was nazbol <img alt="":nazball:"" data-emoticon="""" src=""<___base_url___>/uploads/emoticons/default_nazball.png"" title="":nazball:"" /></p>",FALSE,0,,172.103.195.66,Николајевић
118,63,13167,2017-09-08T01:14:01Z,"
<blockquote class=""ipsQuote"" data-ipsquote="""" data-ipsquote-contentapp=""calendar"" data-ipsquote-contentclass=""calendar_Event"" data-ipsquote-contentcommentid=""117"" data-ipsquote-contentid=""63"" data-ipsquote-contenttype=""calendar"" data-ipsquote-timestamp=""1504829568"" data-ipsquote-userid=""9668"" data-ipsquote-username=""Николајевић"">
	<div class=""ipsQuote_citation"">
		43 minutes ago, Николајевић said:
	</div>

	<div class=""ipsQuote_contents"">
		<p>
			he was nazbol <img alt="":nazball:"" data-emoticon="""" src=""<___base_url___>/uploads/emoticons/default_nazball.png"" title="":nazball:"" /></p>
	</div>
</blockquote>

<p>
	Huh guess I haven't done my research on him, in history class, we were told that he was straight out communist not nazbol and I never really put the effort into looking it up myself.
</p>
",FALSE,0,,68.32.43.133,Schwarzmarsch
119,63,9668,2017-09-08T01:19:15Z,"
<blockquote class=""ipsQuote"" data-ipsquote="""" data-ipsquote-contentapp=""calendar"" data-ipsquote-contentclass=""calendar_Event"" data-ipsquote-contentcommentid=""118"" data-ipsquote-contentid=""63"" data-ipsquote-contenttype=""calendar"" data-ipsquote-timestamp=""1504833241"" data-ipsquote-userid=""13167"" data-ipsquote-username=""Schwarzmarsch"">
	<div class=""ipsQuote_citation"">
		Just now, Schwarzmarsch said:
	</div>

	<div class=""ipsQuote_contents"">
		<p>
			Huh guess I haven't done my research on him, in history class, we were told that he was straight out communist not nazbol and I never really put the effort into looking it up myself.
		</p>
	</div>
</blockquote>

<p>
	Im joking but yeah apparently hes connected to some guy who liked hitler and thats it, also what he actually did while in office was bretty gud as far as burgers go 
</p>
",FALSE,0,,172.103.195.66,Николајевић
120,63,13167,2017-09-08T01:26:42Z,"
<blockquote class=""ipsQuote"" data-ipsquote="""" data-ipsquote-contentapp=""calendar"" data-ipsquote-contentclass=""calendar_Event"" data-ipsquote-contentcommentid=""119"" data-ipsquote-contentid=""63"" data-ipsquote-contenttype=""calendar"" data-ipsquote-timestamp=""1504833555"" data-ipsquote-userid=""9668"" data-ipsquote-username=""Николајевић"">
	<div class=""ipsQuote_citation"">
		Just now, Николајевић said:
	</div>

	<div class=""ipsQuote_contents"">
		<p>
			Im joking but yeah apparently hes connected to some guy who liked hitler and thats it, also what he actually did while in office was bretty gud as far as burgers go 
		</p>
	</div>
</blockquote>

<p>
	I guess you're right, but I still feel like it's a bit strange to see him here.
</p>

<p>
	And just to slap on something totally unrelated and quite trivial, I think it's kinda weird that we have an ""American Nationalist"" calendar in the first place, not that the people on the calendar don't deserve it or anything but that the naming is a bit weird since well American Nationalism is kinda against the whole premise set up on the futurism workshop thread, but again just a small thought. 
</p>
",FALSE,0,,68.32.43.133,Schwarzmarsch
121,216,14434,2017-09-08T10:56:30Z,"<p>
	Great man
</p>",FALSE,0,,220.240.107.138,Bogtic
122,216,13771,2017-09-09T03:27:15Z,"
<div class=""ipsEmbeddedVideo"">
	<div>
		<iframe allowfullscreen=""true"" frameborder=""0"" height=""270"" src=""https://www.youtube.com/embed/cOi9WYPM-4o?feature=oembed"" width=""480""></iframe>
	</div>
</div>

<p>
	 
</p>
",FALSE,0,,184.16.172.25,BloodEagle
123,216,14382,2017-09-09T03:29:16Z,"<p>
	One of the greatest men of the 20th and 21st centuries.
</p>",FALSE,0,,88.88.161.18,Tiwaz
124,65,14452,2017-09-13T12:35:45Z,"<p>
	Iron(ing) Board
</p>",FALSE,0,,205.203.58.116,Pádraig
125,275,13342,2017-09-15T10:11:00Z,"
<p>
	&gt;Russian Nationalist Calendar instead of Mongolian
</p>

<p>
	Tsk, tsk, tsk, you should have wait for me to add this date.
</p>
",FALSE,0,,188.6.150.72,Vasiszta
126,276,13342,2017-09-15T10:15:28Z,"<p>
	<strong><span style=""font-size:20px;"">HAIL THE KHAN! </span></strong><img alt="":eso:"" data-emoticon="""" src=""<___base_url___>/uploads/emoticons/eso.png"" title="":eso:"" /></p>",FALSE,0,,188.6.150.72,Vasiszta
127,275,9519,2017-09-15T13:00:43Z,"<p>
	RIP
</p>",FALSE,0,,188.247.68.18,Adnanite
128,275,9668,2017-09-16T01:10:29Z,"
<p>
	&gt;berg
</p>

<p>
	shalom and rip 
</p>
",FALSE,0,,172.103.195.66,Николајевић
129,168,14572,2017-09-16T01:14:42Z,"<p>
	IMPERIUM was one of the most eye-opening works I've ever read. Happy early birthday and rest in peace.
</p>",FALSE,0,,71.168.85.244,Yankee Patriarch
130,275,14651,2017-09-16T08:08:31Z,"<p>
	Fingolian empire now!
</p>",FALSE,0,,88.115.145.22,RustyRose
131,275,14382,2017-09-16T09:44:23Z,"<p>
	The Khan that never was :(
</p>",FALSE,0,,88.88.161.18,Tiwaz
132,63,14407,2017-09-20T01:53:13Z,"<p>
	Huey Pierce Long ""Kingfish"" was one of the few American politicians who looked out for the white working man. a shame he was killed
</p>",FALSE,0,,108.4.76.240,Cultor
133,208,14309,2017-09-21T12:44:49Z,"
<p>
	<span style=""font-size:18px;"">Happy birt<span style=""color:#2980b9;"">hday my Eter</span><span style=""color:#c0392b;"">nal leader!</span></span>
</p>

<p>
	<img alt=""10225993-andrej-hlinka.jpg"" class=""ipsImage"" height=""505"" src=""http://tmp.aktualne.centrum.sk/soumar/img/1022/59/10225993-andrej-hlinka.jpg"" width=""486"" /></p>
",FALSE,0,,95.105.217.95,Orgoň
134,251,13437,2017-09-22T08:09:43Z,"<p>
	Interestingly, <a href=""https://www.alexa.com/siteinfo/ironmarch.org"" rel=""external nofollow"">https://www.alexa.com/siteinfo/ironmarch.org</a> shows that a good 40% of this website's traffic comes from Italy. Perhaps it won't be too much longer before Germans return home too?
</p>",FALSE,0,,205.185.99.23,Trenhelm
135,251,13342,2017-09-24T14:54:19Z,"
<p>
	<img alt=""iUPrbFg.png"" class=""ipsImage"" height=""289"" src=""https://i.imgur.com/iUPrbFg.png"" width=""333"" /></p>

<p>
	This is the beginning of a beautiful   ｆ ｒ ｉ ｅ ｎ ｄ ｓ ｈ ｉ ｐ !
</p>

<p>
	<img alt=""Gbbq4nO.png"" class=""ipsImage"" height=""518"" src=""https://i.imgur.com/Gbbq4nO.png"" width=""333"" /></p>
",FALSE,0,,81.182.171.120,Vasiszta
136,252,14542,2017-09-24T23:43:42Z,"
<p>
	I can't believe you niggers like some bitch racemixer
</p>

<p>
	How can you call yourself a national socialist and support some wannabe pajeet?
</p>
",FALSE,0,,98.223.231.228,Xavier Renegade Nazbol
137,252,9668,2017-09-25T16:09:15Z,"
<blockquote class=""ipsQuote"" data-ipsquote="""" data-ipsquote-contentapp=""calendar"" data-ipsquote-contentclass=""calendar_Event"" data-ipsquote-contentcommentid=""136"" data-ipsquote-contentid=""252"" data-ipsquote-contenttype=""calendar"" data-ipsquote-timestamp=""1506296622"" data-ipsquote-userid=""14542"" data-ipsquote-username=""Xavier Renegade Nazbol"">
	<div class=""ipsQuote_citation"">
		16 hours ago, Xavier Renegade Nazbol said:
	</div>

	<div class=""ipsQuote_contents"">
		<p>
			I can't believe you niggers like some bitch racemixer
		</p>

		<p>
			How can you call yourself a national socialist and support some wannabe pajeet?
		</p>
	</div>
</blockquote>

<p>
	Be careful, some people on this forum might find that offensive
</p>
",FALSE,0,,172.103.195.66,Николајевић
138,252,14407,2017-09-25T16:17:30Z,"
<blockquote class=""ipsQuote"" data-ipsquote="""" data-ipsquote-contentapp=""calendar"" data-ipsquote-contentclass=""calendar_Event"" data-ipsquote-contentcommentid=""136"" data-ipsquote-contentid=""252"" data-ipsquote-contenttype=""calendar"" data-ipsquote-timestamp=""1506296622"" data-ipsquote-userid=""14542"" data-ipsquote-username=""Xavier Renegade Nazbol"">
	<div class=""ipsQuote_citation"">
		16 hours ago, Xavier Renegade Nazbol said:
	</div>

	<div class=""ipsQuote_contents"">
		<p>
			I can't believe you niggers like some bitch racemixer
		</p>

		<p>
			How can you call yourself a national socialist and support some wannabe pajeet?
		</p>
	</div>
</blockquote>

<p>
	Is this supposed be a fucking joke? She wed a Indian sympathizer to protect herself from deportation or interment retard. fix your shit attitude and learn brother or you'll be ash when Kalki comes.
</p>
",TRUE,1506356307,Cultor,50.205.217.204,Cultor
139,252,14201,2017-09-25T19:42:06Z,"
<blockquote class=""ipsQuote"" data-ipsquote="""" data-ipsquote-contentapp=""calendar"" data-ipsquote-contentclass=""calendar_Event"" data-ipsquote-contentcommentid=""138"" data-ipsquote-contentid=""252"" data-ipsquote-contenttype=""calendar"" data-ipsquote-timestamp=""1506356250"" data-ipsquote-userid=""14407"" data-ipsquote-username=""Cultor"">
	<div class=""ipsQuote_citation"">
		3 hours ago, Cultor said:
	</div>

	<div class=""ipsQuote_contents"">
		<p>
			Is this supposed be a fucking joke? She wed a Indian sympathizer to protect herself from deportation or interment retard. fix your shit attitude and learn brother or you'll be ash when Kalki comes.
		</p>
	</div>
</blockquote>

<p>
	Okay is it cool if I steal beat off to info Aryan porn then because they're technically white 
</p>
",FALSE,0,,204.154.223.70,Vex
140,252,13141,2017-09-25T19:48:06Z,"
<blockquote class=""ipsQuote"" data-ipsquote="""" data-ipsquote-contentapp=""calendar"" data-ipsquote-contentclass=""calendar_Event"" data-ipsquote-contentcommentid=""138"" data-ipsquote-contentid=""252"" data-ipsquote-contenttype=""calendar"" data-ipsquote-timestamp=""1506356250"" data-ipsquote-userid=""14407"" data-ipsquote-username=""Cultor"">
	<div class=""ipsQuote_citation"">
		3 hours ago, Cultor said:
	</div>

	<div class=""ipsQuote_contents"">
		<p>
			Is this supposed be a fucking joke? She wed a Indian sympathizer to protect herself from deportation or interment retard. fix your shit attitude and learn brother or you'll be ash when Kalki comes.
		</p>
	</div>
</blockquote>

<p>
	t. cuck 
</p>
",FALSE,0,,62.44.135.97,One God. One Law.
141,252,14407,2017-09-25T19:55:56Z,"
<blockquote class=""ipsQuote"" data-ipsquote="""" data-ipsquote-contentapp=""calendar"" data-ipsquote-contentclass=""calendar_Event"" data-ipsquote-contentcommentid=""140"" data-ipsquote-contentid=""252"" data-ipsquote-contenttype=""calendar"" data-ipsquote-timestamp=""1506368886"" data-ipsquote-userid=""13141"" data-ipsquote-username=""One God. One Law."">
	<div class=""ipsQuote_citation"">
		Just now, One God. One Law. said:
	</div>

	<div class=""ipsQuote_contents"">
		<p>
			t. cuck 
		</p>
	</div>
</blockquote>

<p>
	t. jewlover    remember to love thy enemies goy, or else yeshua won't come inside you
</p>
",TRUE,1506369772,Cultor,50.205.217.204,Cultor
142,252,14542,2017-09-25T20:32:29Z,"
<blockquote class=""ipsQuote"" data-ipsquote="""" data-ipsquote-contentapp=""calendar"" data-ipsquote-contentclass=""calendar_Event"" data-ipsquote-contentcommentid=""141"" data-ipsquote-contentid=""252"" data-ipsquote-contenttype=""calendar"" data-ipsquote-timestamp=""1506369356"" data-ipsquote-userid=""14407"" data-ipsquote-username=""Cultor"">
	<div class=""ipsQuote_citation"">
		19 minutes ago, Cultor said:
	</div>

	<div class=""ipsQuote_contents"">
		<p>
			t. jewlover    remember to love thy enemies goy, or else yeshua won't come inside you
		</p>
	</div>
</blockquote>

<p>
	t. wannabe shitskin
</p>
",FALSE,0,,98.223.231.228,Xavier Renegade Nazbol
143,251,6113,2017-09-25T20:54:44Z,"
<div class=""ipsEmbeddedVideo"">
	<div>
		<iframe allowfullscreen=""true"" frameborder=""0"" height=""270"" src=""https://www.youtube.com/embed/htDZSdp7HHA?feature=oembed"" width=""480""></iframe>
	</div>
</div>

<p>
	 
</p>
",FALSE,0,,72.45.212.90,Aquila
144,252,14407,2017-09-25T21:47:15Z,"
<blockquote class=""ipsQuote"" data-ipsquote="""" data-ipsquote-contentapp=""calendar"" data-ipsquote-contentclass=""calendar_Event"" data-ipsquote-contentcommentid=""142"" data-ipsquote-contentid=""252"" data-ipsquote-contenttype=""calendar"" data-ipsquote-timestamp=""1506371549"" data-ipsquote-userid=""14542"" data-ipsquote-username=""Xavier Renegade Nazbol"">
	<div class=""ipsQuote_citation"">
		51 minutes ago, Xavier Renegade Nazbol said:
	</div>

	<div class=""ipsQuote_contents"">
		<p>
			t. wannabe shitskin
		</p>
	</div>
</blockquote>

<p>
	If you shitposters ever picked up a book, you'd know that modern shitskin indians are descended from Dravidians, and are not at all white. I know you'll respond to this with some quip or some shit, so I'm going to leave it here.
</p>
",FALSE,0,,108.4.76.240,Cultor
145,252,13771,2017-09-25T22:19:31Z,"
<p>
	Ironic shitposting or not, EH or not, you gotta have some respect for Savitri Devi at the end of the day.
</p>

<p>
	Moving the event along:
</p>

<div class=""ipsEmbeddedVideo"">
	<div>
		<iframe allowfullscreen=""true"" frameborder=""0"" height=""270"" src=""https://www.youtube.com/embed/KW-mg9WjZNQ?feature=oembed"" width=""480""></iframe>
	</div>
</div>

<p>
	 
</p>

<div class=""ipsEmbeddedVideo"">
	<div>
		<iframe allowfullscreen=""true"" frameborder=""0"" height=""344"" src=""https://www.youtube.com/embed/6jBn7BowUy8?feature=oembed"" width=""459""></iframe>
	</div>
</div>

<p>
	 
</p>
",FALSE,0,,50.127.43.40,BloodEagle
146,252,14542,2017-09-25T23:06:27Z,"
<blockquote class=""ipsQuote"" data-ipsquote="""" data-ipsquote-contentapp=""calendar"" data-ipsquote-contentclass=""calendar_Event"" data-ipsquote-contentcommentid=""144"" data-ipsquote-contentid=""252"" data-ipsquote-contenttype=""calendar"" data-ipsquote-timestamp=""1506376035"" data-ipsquote-userid=""14407"" data-ipsquote-username=""Cultor"">
	<div class=""ipsQuote_citation"">
		1 hour ago, Cultor said:
	</div>

	<div class=""ipsQuote_contents"">
		<p>
			If you shitposters ever picked up a book, you'd know that modern shitskin indians are descended from Dravidians, and are not at all white. I know you'll respond to this with some quip or some shit, so I'm going to leave it here.
		</p>
	</div>
</blockquote>

<p>
	Oh so you worship a racemixer religion then huh
</p>

<p>
	That explains Alba I guess
</p>
",FALSE,0,,98.223.231.228,Xavier Renegade Nazbol
147,252,14201,2017-09-25T23:11:44Z,"
<p>
	Xavier in this thread 
</p>

<p>
	<img alt=""quOl7mY.jpg"" class=""ipsImage"" height=""441"" src=""https://i.imgur.com/quOl7mY.jpg"" width=""1000"" /></p>

<p>
	 
</p>
",FALSE,0,,204.154.223.70,Vex
148,252,13167,2017-09-25T23:17:18Z,"<p>
	This place is turning into a warzone.
</p>",FALSE,0,,2600:1007:b001:c1ee:920:d875:39af:38f9,Schwarzmarsch
149,252,14434,2017-09-26T05:33:29Z,"<p>
	This shit is really immature and stupid.
</p>",FALSE,0,,220.244.143.68,Bogtic
150,252,13307,2017-09-28T20:39:34Z,"
<p>
	Way to go children, good job on turning a celebratory post about someone who has done more than any of you retards into a little bitch-fit, shit flinging contest.
</p>

<p>
	gg
</p>
",FALSE,0,,24.80.47.200,Blood and Adventure
151,252,9303,2017-09-29T06:18:49Z,"
<p>
	Vedic Tradition is Aryan. It was the native faith of the Aryans who conquested the Dravidians. It is parallel to Indo-European religions.
</p>

<p>
	 
</p>
",FALSE,0,,50.92.71.54,Cannon
152,252,14452,2017-09-29T16:52:06Z,"<p>
	Thanks for shitposting like children lads, good job ruining a perfectly fine post
</p>",FALSE,0,,2600:1:d612:469d:14c6:6a25:3bb1:60fb,Pádraig
153,252,14407,2017-09-29T19:45:26Z,"
<blockquote class=""ipsQuote"" data-ipsquote="""" data-ipsquote-contentapp=""calendar"" data-ipsquote-contentclass=""calendar_Event"" data-ipsquote-contentcommentid=""152"" data-ipsquote-contentid=""252"" data-ipsquote-contenttype=""calendar"" data-ipsquote-timestamp=""1506703926"" data-ipsquote-userid=""14452"" data-ipsquote-username=""Pádraig"">
	<div class=""ipsQuote_citation"">
		2 hours ago, Pádraig said:
	</div>

	<div class=""ipsQuote_contents"">
		<p>
			Thanks for shitposting like children lads, good job ruining a perfectly fine post
		</p>
	</div>
</blockquote>

<p>
	don't fan the flames man, your inviting more conflict by saying that. we're all good now.
</p>
",FALSE,0,,50.205.217.208,Cultor
154,252,6237,2017-09-29T22:29:54Z,"
<p>
	Happy Birthday!
</p>

<p>
	<img alt=""E3A623AA-8396-4889-B095-A3BF43BB83AE_zps"" class=""ipsImage"" height=""750"" src=""http://i1383.photobucket.com/albums/ah307/gtkrwn/E3A623AA-8396-4889-B095-A3BF43BB83AE_zpsbpxuekg1.jpg"" width=""562"" /></p>
",FALSE,0,,1.127.49.79,Sandgroper
155,252,14542,2017-09-30T19:58:22Z,"
<p>
	More like Priestess of the BBC
</p>

<p>
	Ammiright fellas?
</p>
",FALSE,0,,98.223.231.228,Marquis de Sade
156,223,13488,2017-10-02T03:00:30Z,"<p>
	Anauê!
</p>",FALSE,0,,179.218.175.153,DDK
157,223,14434,2017-10-02T09:43:23Z,"<p>
	I don't know much about these guys, maybe on their anniversary would be a good day to start reading up.
</p>",FALSE,0,,14.202.209.176,Bog
158,252,9256,2017-10-03T08:33:44Z,"
<blockquote class=""ipsQuote"" data-ipsquote="""" data-ipsquote-contentapp=""calendar"" data-ipsquote-contentclass=""calendar_Event"" data-ipsquote-contentcommentid=""155"" data-ipsquote-contentid=""252"" data-ipsquote-contenttype=""calendar"" data-ipsquote-timestamp=""1506801502"" data-ipsquote-userid=""14542"" data-ipsquote-username=""Marquis de Sade"">
	<div class=""ipsQuote_citation"">
		On 9/30/2017 at 0:58 PM, Marquis de Sade said:
	</div>

	<div class=""ipsQuote_contents"">
		<p>
			More like Priestess of the BBC
		</p>

		<p>
			Ammiright fellas?
		</p>
	</div>
</blockquote>

<p>
	&gt;named after a hedonist degenerate
</p>

<p>
	 
</p>

<p>
	&gt;likes to talk about black dudes dicks in a thread about a natsoc philosopher
</p>

<p>
	 
</p>

<p>
	Hmmm
</p>
",FALSE,0,,68.118.48.162,lastwhitecalifornian
159,252,14542,2017-10-03T11:12:08Z,"
<blockquote class=""ipsQuote"" data-ipsquote="""" data-ipsquote-contentapp=""calendar"" data-ipsquote-contentclass=""calendar_Event"" data-ipsquote-contentcommentid=""158"" data-ipsquote-contentid=""252"" data-ipsquote-contenttype=""calendar"" data-ipsquote-timestamp=""1507019624"" data-ipsquote-userid=""9256"" data-ipsquote-username=""lastwhitecalifornian"">
	<div class=""ipsQuote_citation"">
		2 hours ago, lastwhitecalifornian said:
	</div>

	<div class=""ipsQuote_contents"">
		<p>
			&gt;named after a hedonist degenerate
		</p>

		<p>
			 
		</p>

		<p>
			&gt;likes to talk about black dudes dicks in a thread about a natsoc philosopher
		</p>

		<p>
			 
		</p>

		<p>
			Hmmm
		</p>
	</div>
</blockquote>

<p>
	Nice buzzwords faggot
</p>

<p>
	Get woke
</p>

<p>
	<a href=""https://archive.org/details/MetaphysicsOfSexJuliusEvola"" rel=""external nofollow"">https://archive.org/details/MetaphysicsOfSexJuliusEvola</a>
</p>
",FALSE,0,,98.223.231.228,Marquis de Sade
160,248,13167,2017-10-05T01:04:00Z,"
<p>
	Happy birthday to one of the great martyrs of National Socialism!
</p>

<div class=""ipsEmbeddedVideo"">
	<div>
		<iframe allowfullscreen=""true"" frameborder=""0"" height=""344"" src=""https://www.youtube.com/embed/2xEKjSQ5-PI?feature=oembed"" width=""459""></iframe>
	</div>
</div>

<p>
	88!<img alt="":reich:"" data-emoticon="""" src=""<fileStore.core_Emoticons>/emoticons/reich.png"" title="":reich:"" /></p>
",FALSE,0,,68.48.11.70,Schwarzmarsch
161,223,13488,2017-10-07T18:08:04Z,"<p>
	<strong>Anauê! 85 YEARS OF THE FIRST AND ONLY ONE BRAZILIAN IDEOLOGY!</strong>
</p>",FALSE,0,,179.218.175.153,DDK
162,248,14404,2017-10-08T07:12:19Z,"
<p align=""left"" style=""text-align:left;"">
	On October 9th, 2017, it will have been 110 years since the birth of Horst Wessel, the greatest martyr of the National Socialist movement. I hope that all the youth of the world will one day praise that young boy for the life he had given, never once backing down from his convictions, only ever escalating the efforts he put forth so that Germany may flourish under the banners of the swastika. Navigating the political anarchy of the time, Wessel found himself in a number of different bands of men who had right wing convictions but it was the Sturmabteilung that would steal his heart and the communists that would steal him away from us. In doing so the red scum gave the National Socialists of Germany a means to awaken the spirit of the volk. They had brutally stolen away the life of a son, a young man at the age of 22 Horst Wessel lay bleeding at the front door of his own apartment. The blood of the greatest martyr was not spilled in vain though, his radical actions and mindset had brought him far in life and in death, as so often is the case, the boy became a legend.
</p>

<p align=""left"" style=""text-align:left;"">
	Goebbels made certain that the legacy of the young Wessel would not be forgotten and he and his comrades of the National Socialist movement paid tribute to Wessel with a large burial procession, documented and used as an inspirational piece of propaganda to awaken the anger of the people and commit the idea of ultimate sacrifice into the minds of Wessel’s still living brothers in brown.
</p>

<p align=""left"" style=""text-align:left;"">
	Of course, one could ramble on about the many things Wessel achieved in his short life, but I believe it is more important to pose a question. Where will you be at the age of 22? Will you be so feared by your opposition that they feel it necessary to resort to physical violence? Will you be so radical as to march alongside your brothers against all odds, looking death in the eye without blinking? Are you, today, willing to pay the ultimate price for the freedom of your people? Freedom from this JEWISH TYRANNY?
</p>

<p align=""left"" style=""text-align:left;"">
	If you answered yes to all of the above you carry the spirit of Wessel in you, as all young Fascist MUST in these trying times. The Kali Yuga is around you, strengthen yourself and use the martyr’s death as a guiding light so that you may heal the world in the cleansing fires of Fascism. Perhaps one day it will be YOUR name which strikes fear into the enemy. YOUR name which will be remembered by your comrades. YOUR name which will inspire a new generation of dedicated youthful men seeking to take back what is rightfully theirs.
</p>

<p align=""left"" style=""text-align:left;"">
	<img alt="":windmill:"" data-emoticon="""" src=""<fileStore.core_Emoticons>/emoticons/windmill.png"" title="":windmill:"" /><em> Hail Wessel! You will NEVER be forgotten! </em><img alt="":windmill:"" data-emoticon="""" src=""<fileStore.core_Emoticons>/emoticons/windmill.png"" title="":windmill:"" /></p>
",TRUE,1507446870,Virgil,51.15.53.83,Virgil
163,248,13307,2017-10-09T07:17:46Z,"
<div class=""ipsEmbeddedVideo"">
	<div>
		<iframe allowfullscreen=""true"" frameborder=""0"" height=""270"" src=""https://www.youtube.com/embed/ILe0bxH0FVo?feature=oembed"" width=""480""></iframe>
	</div>
</div>

<p>
	 
</p>
",FALSE,0,,24.80.47.200,Blood and Adventure
164,72,9240,2017-10-19T10:30:57Z,"<p>
	Though small, we will be thankful for his contribution in the Civil War
</p>",FALSE,0,,188.114.110.47,José Churruca
166,73,13424,2017-10-19T23:21:52Z,"<p>
	WHOEVER SO CALLED CHRISTIAN
</p>",FALSE,0,,162.158.111.50,Tuna
167,253,14542,2017-10-22T16:11:25Z,"<p>
	Rip in peace my nigga Devi
</p>",FALSE,0,,108.162.216.233,Marquis de Sade
168,253,14564,2017-10-22T19:02:35Z,"<p>
	Heil to the Daughter of the Sun!  Maybe we one day rule this world or purge it in nuclear fire! 
</p>",FALSE,0,,172.68.62.65,Hellenic Nationalist
169,76,13488,2017-10-29T02:03:15Z,"<p>
	<strong>MVSSOLINI HA SIEMPRE RACIONE! A NOI!</strong>
</p>",FALSE,0,,172.68.25.185,DDK
170,75,14542,2017-10-29T13:51:42Z,"
<p>
	<img alt=""original.jpg?w=800&amp;h"" class=""ipsImage"" height=""750"" src=""https://a.disquscdn.com/uploads/mediaembed/images/2133/2428/original.jpg?w=800&amp;h"" width=""649"" /></p>

<p>
	Rest in peace sweet prince
</p>
",FALSE,0,,108.162.216.233,Marquis de Sade
171,75,14486,2017-10-30T00:00:07Z,"
<p>
	Rest in peace.
</p>

<p>
	One of the last good men of the past.
</p>

<div class=""ipsEmbeddedVideo"">
	<div>
		<iframe allowfullscreen=""true"" frameborder=""0"" height=""270"" src=""https://www.youtube.com/embed/u_LHwKxcOIM?feature=oembed"" width=""480""></iframe>
	</div>
</div>

<p>
	Got Mitt Uns.
</p>
",FALSE,0,,172.68.78.29,WhiteTemplar
172,225,14434,2017-11-10T08:40:01Z,"<p>
	Will there be a huge march this year again? Any of you Poles going?
</p>",FALSE,0,,172.68.253.132,Bog
173,269,14268,2017-11-10T17:06:08Z,"<p>
	Massively underrated hero and writer/poet. <a href=""http://laraj.ca/AGwiki/uploads/Fascism/IronmarchEditions/Kurt%20Eggers%20-%20SS%20Warrior-Poet%20Collection.pdf"" rel=""external nofollow"">Read his books!</a>
</p>",FALSE,0,,162.158.89.122,Deimos
174,225,14419,2017-11-10T18:50:38Z,"<p>
	There are marches every year. With the exception of Falanga, none of the groups present are fascist. They mainly consist of nationalists who are either too scared to be openly fascist or believe PRL propaganda about German Occupation. Some of them even invited Spencer. Regardless, there are plenty of fascists in those groups who just don't know it yet because they've been taught about supposed German brutality as soon as they could read so they see Fascism as an exclusively German ""ideology.""
</p>",FALSE,0,,108.162.245.5,Stańczyk
175,88,14542,2017-11-11T16:24:14Z,"<p>
	On the 11th of November an independent state
</p>",FALSE,0,,108.162.216.233,James Holmes
176,88,14419,2017-11-11T20:41:41Z,"<p>
	This was much against the wishes, of (((CERTAIN GOVERNMENTS))),
</p>",FALSE,0,,162.158.69.134,Stańczyk
