id,key,frequency,next_run,enabled,app,last_run
189,profilesync,P0Y0M0DT1H0M0S,1511241226,"[""AQ==""]",core,1511237626
190,updatecheck,P0Y0M1DT0H0M0S,1511291214,"[""AQ==""]",core,1511204814
191,cleanup,P0Y0M1DT0H0M0S,1511293027,"[""AQ==""]",core,1511206627
192,sitemapgenerator,P0Y0M0DT0H15M0S,1511238586,"[""AQ==""]",core,1511237686
193,connect,P0Y0M0DT1H0M0S,1504122573,"[""AA==""]",core,1504118973
194,queue,P0Y0M0DT0H1M0S,1510609795,"[""AA==""]",core,1510609735
195,pop,P0Y0M0DT0H10M0S,1504116577,"[""AA==""]",core,1504115977
196,digest,P0Y0M0DT0H10M0S,1511238233,"[""AQ==""]",core,1511237633
197,publish,P0Y0M0DT0H10M0S,1511238395,"[""AQ==""]",core,1511237795
198,clearcache,P0Y0M0DT0H10M0S,1511238189,"[""AQ==""]",core,1511237589
199,clearsessions,P0Y0M0DT0H30M0S,1511238447,"[""AQ==""]",core,1511236647
200,viewupdates,P0Y0M0DT0H5M0S,1511238004,"[""AQ==""]",core,1511237704
201,imageproxy,P0Y0M0DT0H30M0S,1504118978,"[""AA==""]",core,1504117178
202,cleanupattachments,P0Y0M0DT12H0M0S,1511245945,"[""AQ==""]",core,1511202745
210,archive,P0Y0M0DT0H5M0S,1504116004,"[""AA==""]",forums,1504115704
211,rssimport,P0Y0M0DT0H15M0S,1504117176,"[""AA==""]",forums,1504116276
213,icalendar,P0Y0M0DT4H0M0S,1511241726,"[""AQ==""]",calendar,1511227326
203,cleanupfiles,P0Y0M1DT0H0M0S,1511291167,"[""AQ==""]",core,1511204767
204,unlockmembers,P0Y0M0DT1H0M0S,1511241307,"[""AQ==""]",core,1511237707
205,leaderboard,P0Y0M0DT6H0M0S,1511241616,"[""AQ==""]",core,1511220016
206,deletecontent,P0Y0M1DT0H0M0S,1511293005,"[""AQ==""]",core,1511206605
207,clubrebuild,P0Y0M0DT0H20M0S,1504117772,"[""AA==""]",core,1504116572
208,onlineusers,P0Y0M0DT0H15M0S,1511238491,"[""AQ==""]",core,1511237591
209,promote,P0Y0M0DT0H5M0S,1504115997,"[""AA==""]",core,1504115697
212,unarchive,P0Y0M0DT0H5M0S,1504116005,"[""AA==""]",forums,1504115705
214,eventreminders,P0Y0M0DT1H0M0S,1504122580,"[""AA==""]",calendar,1504118980
